product_id,product_name,price,category_id,product_class,modify_date,resistant,is_allergic,vitality_days
1,Flour - Whole Wheat,74.2988,3,Medium,2018-02-16 08:21:49.1900000,Durable,Unknown,0
2,Cookie Chocolate Chip With,91.2329,3,Medium,2017-02-12 11:39:10.9700000,Unknown,Unknown,0
3,Onions - Cippolini,9.1379,9,Medium,2018-03-15 08:11:51.5600000,Weak,False,111
4,"Sauce - Gravy, Au Jus, Mix",54.3055,9,Medium,2017-07-16 00:46:28.8800000,Durable,Unknown,0
5,Artichokes - Jerusalem,65.4771,2,Low,2017-08-16 14:13:35.4300000,Durable,True,27
6,Wine - Magnotta - Cab Sauv,79.7184,8,High,2017-05-25 15:08:39.6900000,Unknown,Unknown,0
7,Table Cloth - 53x69 Colour,31.8370,9,Medium,2017-02-24 15:14:30.0500000,Durable,False,0
8,Halibut - Steaks,89.8573,5,Medium,2018-03-24 05:21:21.8900000,Unknown,True,108
9,Rabbit - Whole,84.4219,11,Medium,2017-06-17 12:12:04.6700000,Durable,Unknown,0
10,Scampi Tail,95.0957,4,Low,2017-07-30 10:11:45.9900000,Weak,True,105
11,Garbage Bags - Clear,6.2949,9,Low,2017-01-05 21:02:21.3300000,Durable,True,67
12,Ezy Change Mophandle,49.3356,4,Medium,2017-11-01 09:49:59.0300000,Durable,True,0
13,"Water, Tap",28.2232,11,Low,2017-01-16 19:49:10.9300000,Durable,False,69
14,Beef - Top Sirloin,3.3324,7,Medium,2017-02-26 11:40:47.8500000,Durable,True,0
15,"Spoon - Soup, Plastic",32.4420,1,Low,2017-03-03 09:47:09.3100000,Weak,True,0
16,Kellogs Special K Cereal,54.7246,2,Low,2017-01-23 09:25:47.1100000,Durable,True,0
17,"Wine - White, Mosel Gold",43.9182,10,Medium,2017-03-01 14:03:04.9200000,Unknown,Unknown,0
18,"Lamb - Whole, Fresh",23.3966,10,Medium,2017-12-19 16:45:04.7300000,Unknown,False,0
19,Tea - Earl Grey,22.5614,3,Medium,2017-06-14 22:39:53.3400000,Weak,True,94
20,Chocolate - Feathers,85.9011,3,Low,2017-07-21 11:13:57.5500000,Durable,True,0
21,Kiwi,46.7252,7,High,2018-05-09 08:59:46.1500000,Durable,Unknown,0
22,Rice - Jasmine Sented,27.8955,6,Medium,2017-05-09 14:08:23.6300000,Weak,Unknown,48
23,Crab - Imitation Flakes,79.0184,11,Medium,2017-08-19 07:18:29.8900000,Durable,True,0
24,"Beer - Alexander Kieths, Pale Ale",89.0370,3,Medium,2017-05-23 03:36:02.4200000,Durable,True,65
25,Soupcontfoam16oz 116con,80.7666,10,High,2017-04-09 15:30:41.2500000,Durable,True,0
26,Squid U5 - Thailand,33.7821,11,Medium,2018-03-26 19:31:26.9700000,Weak,False,10
27,Chocolate - Compound Coating,17.1724,1,Medium,2017-10-29 17:27:27.2800000,Unknown,Unknown,86
28,Sobe - Tropical Energy,12.3153,9,High,2017-10-25 04:23:48.2300000,Durable,True,0
29,Spinach - Baby,33.5883,7,Low,2017-08-06 17:21:24.0000000,Durable,True,50
30,"Cheese - Brie, Triple Creme",67.8990,6,Low,2018-03-21 19:28:46.7400000,Weak,Unknown,72
31,Yeast Dry - Fermipan,73.9851,2,Medium,2017-04-17 23:33:06.1100000,Durable,False,0
32,Lettuce - Treviso,96.4127,3,High,2017-01-09 18:29:05.7900000,Durable,True,0
33,Beans - Wax,45.5551,10,Medium,2017-02-01 15:20:22.8600000,Weak,True,0
34,Mustard Prepared,43.3463,6,Medium,2017-09-21 16:05:20.8200000,Weak,Unknown,7
35,"Water - Mineral, Natural",15.7233,6,Low,2017-10-01 15:36:07.0800000,Durable,True,97
36,Table Cloth 54x72 White,69.2574,9,Low,2018-03-04 18:24:57.5000000,Durable,True,0
37,"Nut - Pistachio, Shelled",80.3171,7,Low,2017-02-27 14:01:39.1300000,Unknown,False,0
38,Sage - Ground,81.6579,6,High,2017-09-26 00:45:35.6000000,Weak,False,0
39,Dried Figs,75.2059,11,Medium,2017-08-04 21:51:44.2600000,Weak,False,120
40,Cocktail Napkin Blue,8.9372,8,Low,2017-06-28 03:05:34.4000000,Unknown,Unknown,0
41,"Cup - 6oz, Foam",81.7210,7,Medium,2018-03-15 16:02:55.8600000,Unknown,True,0
42,Bread - Raisin Walnut Oval,81.0488,1,High,2018-04-01 08:39:17.2900000,Weak,False,0
43,Sponge Cake Mix - Chocolate,16.3983,9,High,2017-08-12 13:40:16.8000000,Weak,True,96
44,"Wine - White, Colubia Cresh",48.5981,7,High,2018-04-09 16:28:48.4500000,Durable,True,0
45,Beef - Ground Medium,79.5324,4,Medium,2018-03-23 17:00:00.3700000,Weak,True,0
46,Lambcasing,86.7915,9,High,2017-07-12 21:27:57.7600000,Durable,False,0
47,"Thyme - Lemon, Fresh",47.1339,9,High,2018-02-16 02:50:46.7800000,Weak,False,0
48,Pecan Raisin - Tarts,60.3625,7,Low,2017-11-26 03:31:03.2400000,Unknown,Unknown,114
49,Bacardi Breezer - Tropical,61.4317,8,High,2017-01-03 12:21:41.8500000,Durable,False,0
50,Pork - Kidney,43.2864,7,High,2018-04-21 00:02:16.2100000,Weak,True,0
51,Wine - Crozes Hermitage E.,81.0134,11,Medium,2017-05-16 18:38:05.2300000,Unknown,Unknown,0
52,"Turnip - White, Organic",55.6059,1,Low,2017-06-27 06:39:03.8100000,Durable,False,0
53,Cassis,92.6279,8,Medium,2018-02-16 15:42:44.9500000,Weak,True,0
54,"Liners - Banana, Paper",53.5592,9,Medium,2017-06-23 03:31:04.5000000,Weak,True,0
55,Cinnamon Buns Sticky,6.6182,3,High,2018-03-05 08:20:42.0500000,Unknown,False,85
56,Chips Potato Salt Vinegar 43g,46.4033,9,Low,2017-10-10 18:13:25.5600000,Weak,False,0
57,Sausage - Breakfast,12.2145,3,Low,2017-11-03 04:20:41.0800000,Unknown,True,103
58,Dc Hikiage Hira Huba,20.1009,7,Low,2017-10-24 04:35:49.1400000,Durable,Unknown,91
59,Pastry - Butterscotch Baked,73.5389,10,High,2017-04-08 09:15:47.6200000,Unknown,False,0
60,"Pepper - Paprika, Hungarian",31.6949,2,Medium,2017-09-29 18:42:08.4700000,Weak,Unknown,0
61,Sardines,62.5460,8,Low,2017-12-03 21:41:12.4200000,Durable,False,90
62,Pears - Bosc,19.5217,1,Medium,2017-09-09 10:50:41.8300000,Unknown,Unknown,13
63,Cake - Mini Cheesecake,56.2689,9,Low,2017-08-18 11:59:57.8900000,Weak,Unknown,0
64,Vinegar - Sherry,16.5229,6,Low,2017-08-05 16:43:17.9300000,Unknown,True,94
65,Brandy - Bar,21.1106,3,High,2017-04-14 10:38:39.8700000,Weak,False,0
66,Pie Filling - Cherry,9.8823,7,Medium,2018-05-06 02:33:15.5400000,Weak,False,0
67,Wine - Sogrape Mateus Rose,3.7805,5,Low,2017-09-30 18:29:36.1600000,Unknown,True,108
68,"Beets - Candy Cane, Organic",84.8769,6,High,2017-09-04 03:43:50.1200000,Durable,False,72
69,Raspberries - Fresh,87.6092,1,Low,2017-10-04 20:04:40.7800000,Unknown,True,0
70,Squid - Tubes / Tenticles 10/20,63.1846,4,Low,2017-05-08 15:22:11.8100000,Weak,True,45
71,Cheese - Wine,74.4076,6,Low,2018-04-04 19:24:07.9900000,Durable,Unknown,0
72,Bar - Granola Trail Mix Fruit Nut,62.2603,4,High,2017-10-13 13:17:29.3300000,Durable,False,0
73,Appetizer - Sausage Rolls,48.1907,11,Low,2017-05-17 18:53:20.4700000,Weak,True,0
74,Carbonated Water - Cherry,13.6241,7,Medium,2018-04-26 19:34:18.9400000,Durable,False,26
75,Chef Hat 20cm,4.1800,8,High,2017-09-14 19:11:01.6900000,Durable,Unknown,116
76,Wine - Fume Blanc Fetzer,65.6765,6,Low,2017-02-08 00:20:28.8600000,Durable,False,95
77,Potatoes - Idaho 100 Count,11.4971,9,Medium,2018-02-04 00:28:06.8400000,Durable,False,0
78,Wine - Magnotta - Belpaese,30.4202,4,Medium,2017-09-18 14:49:41.4400000,Weak,Unknown,0
79,"Pasta - Penne, Rigate, Dry",9.5045,11,High,2017-07-09 10:36:02.0500000,Weak,False,104
80,Wasabi Powder,93.9752,2,High,2018-02-04 18:02:43.4900000,Weak,True,0
81,Cookies - Assorted,86.6483,2,Medium,2017-02-08 16:40:40.1800000,Unknown,Unknown,0
82,Jolt Cola - Electric Blue,56.8099,5,Low,2018-04-12 13:56:24.0500000,Unknown,Unknown,63
83,Lamb - Ground,50.8837,1,High,2017-10-22 16:02:06.3700000,Durable,Unknown,116
84,Peas - Frozen,90.3019,1,Medium,2017-08-25 17:19:07.7900000,Durable,False,0
85,Cheese - Parmesan Cubes,86.8857,7,High,2017-11-06 00:50:41.5100000,Durable,Unknown,0
86,Longos - Grilled Chicken With,18.3791,2,Low,2018-02-28 16:54:02.3100000,Weak,False,0
87,Wine - Pinot Noir Latour,3.7847,7,Low,2017-04-02 02:46:20.8500000,Unknown,False,0
88,Remy Red,91.9960,2,Low,2017-12-19 11:49:18.3700000,Durable,Unknown,0
89,"Beef - Ground, Extra Lean, Fresh",36.7281,3,Medium,2017-11-26 07:44:38.7700000,Weak,True,0
90,Flavouring - Orange,69.3200,9,High,2018-04-30 21:22:41.5300000,Unknown,True,37
91,General Purpose Trigger,57.0429,6,High,2017-05-02 14:04:16.4100000,Durable,True,97
92,"Wine - Red, Colio Cabernet",60.2161,1,Low,2017-09-13 09:25:50.0000000,Weak,Unknown,0
93,Bandage - Fexible 1x3,8.1190,8,Low,2017-06-20 15:29:47.9700000,Durable,False,11
94,V8 - Berry Blend,43.5109,9,High,2018-03-15 03:09:35.7900000,Weak,Unknown,108
95,Beans - Kidney White,46.3913,1,High,2017-12-02 05:24:21.9900000,Unknown,Unknown,0
96,Cheese - Bocconcini,62.1993,7,High,2017-07-07 05:12:14.0300000,Unknown,False,0
97,Veal - Inside,24.7798,4,Medium,2017-08-14 20:39:19.3900000,Weak,True,0
98,Shrimp - 31/40,99.8755,3,High,2017-01-07 20:56:58.8600000,Weak,False,0
99,Mustard - Seed,27.4874,5,Low,2017-12-27 05:50:08.5700000,Weak,True,0
100,"Pork - Loin, Bone - In",69.6501,9,Low,2018-03-27 14:26:44.8400000,Durable,Unknown,7
101,"Soup - Campbells, Lentil",83.0110,4,Medium,2018-02-19 02:58:21.6100000,Durable,Unknown,99
102,"Rosemary - Primerba, Paste",62.2570,4,High,2017-06-14 23:06:56.6600000,Unknown,False,0
103,Cream Of Tartar,72.7534,7,Low,2017-02-22 07:26:22.4600000,Unknown,Unknown,0
104,Tia Maria,98.2471,5,High,2018-01-04 20:59:30.0400000,Unknown,False,0
105,Ecolab - Mikroklene 4/4 L,68.8789,1,Medium,2017-01-17 04:38:08.2200000,Durable,True,0
106,Pickerel - Fillets,18.7530,7,High,2017-12-11 05:20:35.9100000,Weak,False,19
107,Bread - French Baquette,7.4151,1,High,2017-02-10 11:45:43.3400000,Weak,False,0
108,Pasta - Orecchiette,79.0038,1,High,2018-03-01 20:08:26.0100000,Weak,True,0
109,Muffin - Zero Transfat,49.3791,1,Medium,2018-02-15 08:20:02.8200000,Durable,False,0
110,Black Currants,40.9417,9,High,2018-01-26 08:00:13.1800000,Durable,Unknown,48
111,Scallops 60/80 Iqf,34.9061,11,Medium,2018-01-13 17:45:18.7200000,Durable,Unknown,0
112,Browning Caramel Glace,81.7943,10,High,2017-02-15 13:30:59.6400000,Weak,Unknown,0
113,Ocean Spray - Kiwi Strawberry,10.5964,7,Low,2017-04-17 17:59:47.0800000,Unknown,False,106
114,Veal - Osso Bucco,79.5638,8,High,2017-07-11 15:13:04.1400000,Weak,True,93
115,Ocean Spray - Ruby Red,45.0466,11,Low,2017-08-22 02:01:28.2800000,Weak,False,0
116,Steam Pan - Half Size Deep,5.7360,3,Low,2017-12-31 07:44:48.3700000,Weak,True,104
117,Ketchup - Tomato,68.6380,11,High,2018-03-27 18:48:35.4600000,Weak,Unknown,0
118,Garbag Bags - Black,65.9670,9,High,2018-05-02 18:40:50.1100000,Weak,Unknown,0
119,Soup Campbells - Italian Wedding,29.6372,11,Medium,2018-02-06 15:52:36.4300000,Unknown,False,0
120,Water - Spring Water 500ml,2.7314,2,Medium,2017-06-23 17:44:37.5600000,Durable,Unknown,94
121,Muffin Batt - Blueberry Passion,6.0976,11,Low,2018-02-03 23:46:54.6800000,Durable,Unknown,0
122,Table Cloth 62x114 White,11.7845,4,High,2018-02-19 06:40:17.8000000,Weak,False,0
123,Oil - Shortening - All - Purpose,48.1487,4,Low,2018-02-15 19:59:11.3500000,Unknown,Unknown,0
124,Macaroons - Two Bite Choc,18.2891,4,Low,2017-10-13 22:41:59.2600000,Unknown,True,81
125,"Nut - Chestnuts, Whole",6.1417,9,Low,2017-01-07 01:17:55.4000000,Weak,False,0
126,Crackers - Trio,14.1914,6,Low,2017-07-23 09:58:17.9800000,Unknown,Unknown,76
127,Island Oasis - Mango Daiquiri,54.1413,8,Medium,2017-04-25 21:47:41.3500000,Unknown,False,34
128,Coffee - Irish Cream,4.6797,2,Medium,2017-07-12 15:43:44.6800000,Durable,Unknown,71
129,Chicken - Soup Base,67.2329,7,High,2017-05-26 14:09:56.9400000,Durable,True,0
130,Beef Wellington,41.9808,2,Low,2017-03-11 13:58:47.6500000,Unknown,False,0
131,Anchovy Paste - 56 G Tube,40.8967,3,Medium,2017-11-03 03:41:09.4800000,Durable,False,0
132,Beer - Blue,11.6217,6,High,2018-01-28 03:31:07.9700000,Weak,False,24
133,Beef - Top Sirloin - Aaa,2.9327,11,Low,2018-01-30 08:59:32.8700000,Weak,Unknown,0
134,Wine - Toasted Head,39.8545,2,High,2017-08-21 20:09:17.2200000,Weak,True,0
135,Wiberg Super Cure,10.9641,10,Low,2018-04-25 15:04:21.8900000,Durable,False,61
136,Vol Au Vents,24.3913,10,Medium,2018-01-03 17:33:43.5300000,Weak,True,0
137,"Wine - White, Schroder And Schyl",84.0566,10,Low,2018-02-19 06:30:01.5900000,Durable,False,0
138,"Rum - Coconut, Malibu",52.6367,7,Low,2018-02-24 19:02:36.3300000,Durable,Unknown,0
139,Chicken - Wieners,21.4230,1,High,2017-08-09 12:40:59.5700000,Weak,False,0
140,"Oregano - Dry, Rubbed",68.1326,11,High,2018-04-04 19:30:05.6000000,Durable,Unknown,16
141,Tea - Herbal Sweet Dreams,10.9640,1,Low,2018-01-19 05:08:18.9700000,Durable,True,37
142,"Pork - Bacon, Double Smoked",24.7809,6,Medium,2017-06-10 06:37:54.8400000,Weak,True,0
143,Watercress,42.6169,1,Medium,2018-03-13 03:29:15.5600000,Unknown,True,0
144,"Placemat - Scallop, White",95.7865,5,Medium,2018-03-09 23:44:25.6000000,Durable,False,0
145,Wine - Chardonnay South,34.4139,9,Low,2017-04-18 03:37:22.8000000,Durable,Unknown,27
146,Bananas,75.2486,7,High,2017-03-18 00:33:16.7600000,Durable,False,0
147,Cheese - Mozzarella,49.6197,5,High,2017-05-29 15:26:02.9100000,Unknown,False,0
148,Beer - Sleemans Cream Ale,28.5553,11,Medium,2018-04-19 00:16:43.8300000,Durable,True,91
149,Zucchini - Yellow,98.4644,10,High,2017-07-25 01:08:07.5000000,Weak,True,0
150,Langers - Ruby Red Grapfruit,40.6552,9,High,2018-04-10 21:39:33.6200000,Durable,False,0
151,"Mushrooms - Black, Dried",93.5613,7,High,2017-08-19 10:23:38.5700000,Weak,True,0
152,"Lentils - Red, Dry",58.8128,7,Medium,2017-08-22 01:58:29.2900000,Unknown,Unknown,26
153,Arizona - Green Tea,70.2382,4,Low,2017-04-10 05:04:22.4400000,Weak,False,0
154,Ice Cream Bar - Drumstick,24.7560,4,Medium,2017-07-06 12:05:31.0100000,Weak,True,0
155,"Peas - Pigeon, Dry",63.5524,9,High,2017-02-21 14:39:50.1500000,Weak,False,0
156,Sprouts - Alfalfa,71.2264,1,High,2018-05-09 20:18:03.8200000,Durable,False,0
157,"Juice - Cranberry, 341 Ml",14.1082,11,Medium,2017-09-06 03:07:45.3200000,Unknown,False,19
158,Apricots Fresh,54.4643,4,High,2017-09-18 08:44:23.2100000,Unknown,False,18
159,Eggplant - Asian,92.1053,7,Medium,2017-12-29 19:41:34.6400000,Durable,True,0
160,Beef Ground Medium,54.6874,7,Medium,2017-11-03 18:39:50.2400000,Weak,True,0
161,Longos - Chicken Wings,64.6118,10,Low,2017-08-18 07:32:54.5500000,Weak,Unknown,0
162,Sauce - Demi Glace,2.7353,11,Medium,2017-12-08 20:01:58.6600000,Weak,True,117
163,Tomatoes Tear Drop,11.7708,6,Low,2017-10-07 05:58:29.0700000,Unknown,True,116
164,Loquat,7.3982,11,Medium,2017-12-07 18:21:15.1600000,Unknown,False,0
165,Bread Crumbs - Japanese Style,0.0449,6,Low,2017-03-26 04:19:03.7000000,Unknown,False,0
166,Tray - 16in Rnd Blk,23.2843,5,High,2018-04-25 14:14:10.7600000,Durable,False,0
167,Knife Plastic - White,78.8615,11,Medium,2017-05-26 04:31:26.7700000,Durable,False,0
168,Milk - 2%,70.7419,6,Medium,2018-01-03 21:50:29.8600000,Unknown,True,29
169,Water - Aquafina Vitamin,68.5996,10,Medium,2017-07-26 00:08:42.2600000,Unknown,False,0
170,Initation Crab Meat,20.6553,1,Medium,2017-12-26 08:27:44.7600000,Durable,False,0
171,Gloves - Goldtouch Disposable,21.6794,5,High,2018-03-21 01:14:46.7900000,Durable,False,0
172,Sherry - Dry,16.0013,5,High,2017-01-31 23:45:59.1300000,Durable,Unknown,72
173,Rosemary - Dry,44.5440,8,Low,2017-09-24 05:59:50.5300000,Durable,False,0
174,Guinea Fowl,61.5047,11,High,2018-03-13 20:22:30.8400000,Durable,True,0
175,Oil - Safflower,91.7675,1,Low,2017-10-12 12:36:18.6000000,Weak,True,52
176,Smirnoff Green Apple Twist,81.3167,6,High,2017-08-27 17:08:59.8400000,Durable,True,90
177,"Coconut - Shredded, Sweet",69.1677,3,Medium,2018-04-18 03:11:02.2400000,Weak,True,0
178,Pernod,52.3623,10,High,2018-04-17 20:14:45.7600000,Weak,True,0
179,Yoghurt Tubes,83.8752,6,Low,2017-06-28 19:04:36.4500000,Durable,Unknown,26
180,Chocolate - Dark,30.8932,3,Low,2018-03-01 00:44:38.6400000,Durable,True,27
181,Phyllo Dough,64.5718,1,Medium,2017-02-24 18:32:15.0700000,Unknown,False,0
182,Campari,25.5860,9,Low,2017-05-16 21:30:57.5300000,Weak,False,54
183,Spice - Peppercorn Melange,6.2154,4,High,2018-04-27 14:35:37.1800000,Weak,False,0
184,Hersey Shakes,26.5776,9,Low,2017-06-24 16:30:23.3200000,Weak,True,0
185,Foam Dinner Plate,48.4195,6,Low,2017-11-30 03:35:09.0800000,Weak,Unknown,40
186,Muffin Mix - Blueberry,82.0839,8,Low,2017-03-15 01:42:40.1900000,Weak,False,0
187,"Pepper - Black, Whole",41.3835,3,Medium,2017-10-20 22:26:45.5300000,Durable,False,31
188,Cup - Translucent 7 Oz Clear,78.1768,8,High,2017-07-27 20:54:01.8600000,Durable,False,91
189,"Bread - Roll, Soft White Round",76.3021,5,High,2017-07-01 05:29:27.0700000,Unknown,False,16
190,Cake - Cake Sheet Macaroon,39.7378,9,Medium,2018-04-25 18:46:18.0700000,Durable,True,93
191,"Hickory Smoke, Liquid",10.2830,10,High,2017-04-30 14:25:58.2100000,Weak,Unknown,0
192,"Wine - Magnotta, Merlot Sr Vqa",29.5923,7,Medium,2017-06-03 21:45:38.3700000,Durable,Unknown,0
193,"Veal - Inside, Choice",60.5314,11,Medium,2017-02-26 23:21:01.6900000,Unknown,False,19
194,Lettuce - Frisee,66.7357,6,Medium,2018-02-12 18:01:09.3400000,Unknown,False,0
195,Beets - Mini Golden,3.5208,2,Medium,2017-08-18 11:57:11.0400000,Durable,Unknown,70
196,Longos - Grilled Salmon With Bbq,8.2286,1,High,2017-02-11 09:06:20.3000000,Unknown,Unknown,0
197,Mussels - Cultivated,13.0101,1,Medium,2018-01-11 00:39:25.7800000,Unknown,True,0
198,Lime Cordial - Roses,35.2187,1,Low,2017-04-06 09:08:00.3900000,Durable,False,60
199,Pork - Hock And Feet Attached,95.7415,10,Medium,2017-12-15 19:25:21.8900000,Weak,Unknown,105
200,Garlic - Peeled,11.1295,5,Medium,2017-05-02 13:23:12.0400000,Weak,False,0
201,Grenadine,96.3871,8,Medium,2018-03-01 20:01:50.0000000,Weak,True,117
202,Bay Leaf,78.8778,11,Low,2017-10-02 17:35:33.0500000,Weak,True,0
203,"Chicken - Leg, Boneless",59.9557,1,High,2017-09-25 00:08:01.5700000,Weak,Unknown,29
204,Scallop - St. Jaques,77.8090,9,Medium,2017-12-06 16:40:22.7500000,Durable,True,5
205,"Turkey - Whole, Fresh",18.9757,5,High,2017-01-21 20:24:46.8300000,Weak,False,32
206,Cocoa Butter,77.5600,3,Low,2017-07-19 10:37:39.4400000,Unknown,Unknown,0
207,Coffee - Hazelnut Cream,14.2688,10,Medium,2018-04-06 19:58:38.7600000,Unknown,True,116
208,"Mushroom - Trumpet, Dry",8.7335,5,Medium,2017-06-06 08:41:51.6000000,Weak,False,15
209,Sugar - Fine,32.9885,3,Low,2018-01-31 23:29:12.4100000,Unknown,Unknown,0
210,"Cheese - Brie,danish",82.2358,3,High,2017-11-03 21:30:50.3200000,Unknown,Unknown,0
211,Wine - Prosecco Valdobiaddene,2.0587,9,Low,2017-01-22 17:07:01.5700000,Unknown,True,76
212,Curry Paste - Madras,61.7460,2,High,2017-09-28 06:52:59.5700000,Weak,True,97
213,Pate - Cognac,70.5891,10,High,2017-03-23 13:39:46.7500000,Weak,True,39
214,French Pastry - Mini Chocolate,61.2121,5,Low,2018-03-09 18:56:56.0000000,Durable,Unknown,0
215,"Veal - Brisket, Provimi,bnls",90.1157,7,High,2017-09-10 00:07:35.1600000,Weak,Unknown,92
216,Scallops - 10/20,39.0257,1,Low,2017-04-04 10:01:57.0200000,Unknown,Unknown,0
217,Bread - Multigrain,96.5200,8,Medium,2017-12-21 05:26:21.4800000,Durable,True,0
218,Barramundi,85.1933,8,High,2017-04-15 13:28:05.7400000,Weak,True,31
219,Assorted Desserts,58.9787,5,Low,2017-01-08 14:46:06.0700000,Durable,False,0
220,Meldea Green Tea Liquor,17.9610,10,Low,2017-01-12 02:36:23.5000000,Weak,False,0
221,Bread Crumbs - Panko,81.9008,3,Low,2017-07-06 15:47:25.2200000,Unknown,False,0
222,"Sole - Dover, Whole, Fresh",0.6846,3,High,2018-03-08 07:37:24.9100000,Unknown,False,0
223,Pail With Metal Handle 16l White,94.4399,1,Medium,2017-07-06 16:21:02.7900000,Unknown,Unknown,0
224,Flour - Pastry,28.8618,1,High,2017-08-09 05:22:24.1900000,Weak,False,0
225,Wine - Charddonnay Errazuriz,10.3722,3,Medium,2017-08-28 18:01:46.5500000,Weak,Unknown,0
226,"Chestnuts - Whole,canned",92.0872,10,Medium,2017-10-18 03:29:08.4100000,Durable,True,0
227,Cheese - Taleggio D.o.p.,55.4699,5,Low,2018-04-14 00:24:57.4400000,Weak,False,0
228,Sauce - Hollandaise,77.8083,3,High,2017-12-19 11:58:41.1900000,Durable,Unknown,93
229,Bread - Hot Dog Buns,57.9838,9,Medium,2017-07-27 08:25:19.7900000,Weak,False,66
230,"Wine - Cahors Ac 2000, Clos",83.5389,11,Medium,2017-09-01 03:29:58.2900000,Weak,False,75
231,Crush - Cream Soda,68.3066,5,Medium,2017-12-24 16:29:34.0600000,Unknown,True,0
232,Quiche Assorted,33.9490,3,Medium,2018-01-12 18:03:01.8400000,Weak,False,0
233,Duck - Breast,56.6209,11,Low,2017-05-04 00:49:23.8600000,Durable,True,0
234,Tofu - Firm,72.7457,1,Medium,2017-02-27 05:41:24.4100000,Weak,Unknown,0
235,Bread - English Muffin,34.5061,6,High,2018-05-09 04:42:48.6500000,Durable,False,0
236,Tomato - Tricolor Cherry,85.6940,1,Low,2017-10-02 00:56:42.0200000,Unknown,True,113
237,Mayonnaise - Individual Pkg,65.6303,8,Low,2017-12-29 21:22:55.9600000,Weak,False,94
238,Garlic,28.4065,6,Medium,2017-05-22 21:55:14.4300000,Durable,False,0
239,"Soup - Campbells, Cream Of",7.6019,5,Medium,2017-06-03 20:05:36.4900000,Weak,True,0
240,Wine - Chablis 2003 Champs,70.8596,4,Low,2017-05-14 16:57:29.6400000,Weak,False,0
241,Cheese - Cheddarsliced,67.8151,9,Medium,2017-04-17 05:44:01.4300000,Unknown,Unknown,0
242,Thermometer Digital,32.6500,9,Low,2017-05-17 13:44:53.9200000,Weak,False,11
243,Sun - Dried Tomatoes,45.1883,6,Medium,2017-11-02 21:24:49.4600000,Weak,False,104
244,Beef - Rib Eye Aaa,94.0664,2,Low,2018-01-04 07:58:36.7600000,Unknown,True,0
245,Grouper - Fresh,37.6791,1,Medium,2018-04-04 01:39:16.4900000,Weak,Unknown,111
246,Ice Cream Bar - Hageen Daz To,48.5371,9,Low,2017-12-10 07:32:58.6400000,Weak,False,96
247,Juice - Apple Cider,59.0033,9,High,2017-03-14 08:05:51.6200000,Weak,False,58
248,Beef - Inside Round,99.3193,7,Low,2017-04-29 04:24:05.7000000,Unknown,Unknown,0
249,Cookie Dough - Double,76.6201,10,Medium,2017-06-05 17:53:34.1700000,Weak,True,0
250,"Soup - Campbells, Beef Barley",64.4951,1,Low,2017-05-17 01:55:14.0200000,Durable,False,0
251,"Oranges - Navel, 72",11.7087,5,Low,2017-07-01 03:39:58.8200000,Weak,True,7
252,Nantucket - Pomegranate Pear,27.8169,4,Medium,2017-09-28 11:11:20.0300000,Weak,Unknown,83
253,Wanton Wrap,76.2400,7,High,2017-03-29 18:21:54.3200000,Unknown,Unknown,0
254,"Soup - Canadian Pea, Dry Mix",77.7804,1,Low,2017-12-04 16:48:58.3900000,Weak,True,0
255,Kellogs All Bran Bars,29.2287,3,Low,2018-03-05 21:35:46.8300000,Weak,False,0
256,Soup Knorr Chili With Beans,95.7024,6,Medium,2018-05-03 12:24:25.1000000,Durable,Unknown,0
257,"Pasta - Detalini, White, Fresh",84.4380,11,High,2017-03-30 01:14:30.2600000,Durable,Unknown,0
258,Tea - English Breakfast,31.0939,1,Low,2017-02-16 18:45:37.3700000,Weak,Unknown,0
259,Veal - Eye Of Round,67.4367,7,High,2017-04-10 22:38:36.1900000,Unknown,True,71
260,"Yogurt - Blueberry, 175 Gr",26.8886,7,Low,2017-08-13 16:55:38.4200000,Durable,False,31
261,Chinese Foods - Chicken,22.0901,9,High,2017-08-14 10:12:42.0100000,Durable,True,0
262,Bagel - Plain,36.4605,7,Medium,2017-04-19 07:59:57.5700000,Durable,Unknown,41
263,Soupfoamcont12oz 112con,50.7497,7,Low,2018-03-20 00:16:31.8200000,Weak,False,0
264,Juice - V8 Splash,49.4497,3,High,2017-06-02 19:59:14.1100000,Durable,True,0
265,"Mushroom - Porcini, Dry",13.9292,10,Medium,2018-03-20 05:01:16.2600000,Weak,Unknown,7
266,Clam Nectar,68.1097,7,High,2017-05-19 23:03:59.7300000,Weak,Unknown,0
267,Grapes - Red,5.1250,2,Medium,2017-05-28 06:03:35.7100000,Unknown,True,0
268,Vanilla Beans,97.8435,9,Low,2017-01-25 07:58:22.3400000,Durable,False,0
269,Wine - Blue Nun Qualitatswein,26.7060,11,Medium,2018-03-10 14:14:07.3600000,Durable,True,0
270,Cheese Cloth No 100,4.4216,6,Medium,2018-04-17 23:10:53.1400000,Durable,Unknown,101
271,Banana - Leaves,73.3954,5,High,2017-08-13 12:39:01.0700000,Unknown,True,0
272,"Chocolate - Semi Sweet, Calets",68.1134,2,Low,2017-08-01 07:31:07.0500000,Weak,True,13
273,Bandage - Flexible Neon,77.5913,4,Medium,2018-03-21 17:22:29.2600000,Weak,Unknown,0
274,Papayas,88.1192,2,Low,2018-01-03 21:48:36.4400000,Weak,False,0
275,Corn Meal,50.1460,1,Medium,2018-02-03 20:52:22.0800000,Durable,True,88
276,Snapple - Iced Tea Peach,49.2508,5,High,2017-02-20 02:02:31.3000000,Unknown,True,0
277,Sea Bass - Whole,55.4964,9,Medium,2017-05-06 10:12:35.4400000,Durable,Unknown,118
278,Apricots - Halves,0.3735,11,Medium,2017-11-09 08:22:26.0400000,Weak,False,87
279,Beef - Texas Style Burger,91.1828,1,Low,2017-09-14 03:43:07.7100000,Durable,True,0
280,Onion Powder,61.8352,5,Medium,2018-01-26 10:28:47.9100000,Durable,False,0
281,"Bar Mix - Pina Colada, 355 Ml",33.0839,2,High,2017-08-06 19:23:16.7900000,Durable,True,0
282,"Lemonade - Natural, 591 Ml",56.1506,10,Low,2017-12-16 20:00:51.7400000,Durable,False,88
283,Bread Fig And Almond,1.1882,4,Low,2017-07-16 18:05:07.0100000,Durable,False,0
284,Beer - Rickards Red,93.4888,9,Low,2017-03-13 06:30:05.7700000,Weak,False,0
285,Cheese - Mix,71.8302,7,Low,2017-03-03 23:49:59.4700000,Unknown,Unknown,107
286,Beef - Prime Rib Aaa,40.4897,2,Low,2017-03-29 05:18:14.0300000,Durable,False,29
287,Bread - Italian Roll With Herbs,57.7090,7,Medium,2017-10-16 23:41:07.5200000,Durable,True,0
288,"Orange - Canned, Mandarin",78.8405,11,Low,2017-10-07 08:00:25.4800000,Durable,True,0
289,Sword Pick Asst,43.5169,10,Low,2017-05-03 08:05:37.5800000,Durable,False,0
290,Sauce - Rosee,38.8037,1,Low,2017-01-06 16:18:23.5400000,Unknown,True,110
291,"Crab - Dungeness, Whole",1.2559,2,Medium,2017-07-05 23:42:11.7600000,Unknown,False,0
292,Turkey - Oven Roast Breast,34.5364,8,Low,2017-11-13 02:37:18.5800000,Unknown,False,0
293,Garlic - Elephant,60.9698,11,Medium,2017-02-11 23:16:38.2300000,Durable,Unknown,0
294,Wine - Alsace Gewurztraminer,80.7133,10,Low,2018-02-28 03:09:58.0800000,Weak,Unknown,18
295,"Ice - Clear, 300 Lb For Carving",48.7695,7,Low,2018-02-07 06:44:47.6300000,Unknown,True,0
296,Wine - Valpolicella Masi,31.3545,3,Low,2018-05-07 21:44:03.8700000,Weak,False,90
297,Hinge W Undercut,81.9003,3,Low,2017-07-07 13:28:22.1100000,Durable,True,120
298,Pop Shoppe Cream Soda,95.7387,4,Medium,2017-06-03 01:25:35.3400000,Unknown,False,0
299,Fuji Apples,80.1371,4,Medium,2018-02-24 02:57:20.5100000,Unknown,False,0
300,"Beans - Kidney, Canned",69.5694,5,Medium,2017-11-16 02:35:16.7600000,Unknown,True,0
301,Beer - Labatt Blue,43.4120,8,Medium,2017-07-16 01:29:22.9300000,Weak,Unknown,0
302,"Doilies - 5, Paper",61.1598,11,Medium,2017-02-18 00:07:29.2800000,Durable,Unknown,0
303,Cod - Black Whole Fillet,72.6133,7,High,2017-06-28 14:09:58.3500000,Unknown,False,0
304,Banana Turning,72.1984,5,High,2017-06-27 18:42:41.0300000,Unknown,True,0
305,Pastry - Cheese Baked Scones,91.0997,8,Medium,2018-02-10 13:16:12.9500000,Weak,True,19
306,"Pepper - White, Ground",43.5953,4,Low,2018-04-08 20:08:51.7800000,Durable,True,117
307,Foam Cup 6 Oz,50.2256,1,High,2017-11-16 17:48:50.7800000,Durable,Unknown,0
308,Tea - Decaf Lipton,88.1209,6,High,2017-08-02 20:33:17.8900000,Durable,Unknown,0
309,Muffin Batt - Choc Chk,27.6344,11,Medium,2018-03-09 19:56:36.3100000,Durable,True,76
310,Coffee - Dark Roast,79.9780,9,Low,2018-01-14 19:33:15.5300000,Weak,False,0
311,Wonton Wrappers,40.2060,9,High,2017-12-29 02:11:49.6500000,Weak,Unknown,56
312,Salmon - Sockeye Raw,84.0645,1,Low,2017-09-27 16:52:04.2300000,Weak,True,54
313,Veal - Slab Bacon,39.9111,11,High,2017-10-12 15:02:29.6700000,Unknown,Unknown,116
314,Salmon Steak - Cohoe 8 Oz,5.6015,2,Medium,2017-07-23 12:09:48.2900000,Unknown,True,82
315,Wine - Gato Negro Cabernet,93.8047,6,Medium,2017-01-07 21:32:21.6300000,Unknown,True,0
316,Cheese - Victor Et Berthold,65.9395,11,High,2018-01-05 14:11:50.2700000,Weak,False,94
317,Water - Green Tea Refresher,35.2723,3,Low,2018-02-10 13:54:50.5600000,Weak,False,0
318,Ecolab - Solid Fusion,57.2610,10,High,2018-01-07 17:46:26.0500000,Unknown,Unknown,76
319,Towels - Paper / Kraft,77.6195,7,High,2017-04-01 20:09:14.6400000,Unknown,Unknown,0
320,Yogurt - French Vanilla,73.4396,9,Low,2017-12-22 23:43:02.2300000,Unknown,Unknown,0
321,"Potatoes - Instant, Mashed",10.4007,1,Medium,2017-12-10 23:22:52.2200000,Durable,Unknown,0
322,Onions - Vidalia,26.2846,2,Medium,2017-12-28 22:03:10.2400000,Unknown,Unknown,0
323,Extract - Lemon,54.3266,10,High,2018-01-31 23:52:44.7600000,Weak,False,99
324,Apricots - Dried,87.9023,10,Low,2018-03-04 21:55:43.8100000,Durable,True,42
325,Halibut - Fletches,3.1657,5,Low,2017-10-13 23:28:41.3800000,Unknown,True,87
326,Appetizer - Mushroom Tart,38.8590,9,High,2018-02-07 10:01:42.4900000,Unknown,False,0
327,"Appetizer - Mini Egg Roll, Shrimp",7.1436,2,Medium,2017-06-20 08:14:28.8100000,Unknown,False,0
328,Tuna - Salad Premix,96.8781,6,Medium,2017-01-22 14:12:31.1700000,Durable,True,35
329,"Pork - Loin, Center Cut",39.3496,6,High,2018-04-05 15:03:48.8100000,Weak,True,0
330,Olives - Kalamata,18.7914,10,Medium,2018-02-05 23:08:18.2200000,Unknown,False,0
331,Cookies Cereal Nut,67.3505,3,High,2017-12-23 12:34:09.2000000,Durable,Unknown,80
332,Bouq All Italian - Primerba,59.7578,5,Low,2018-04-12 08:47:00.1000000,Unknown,False,0
333,Cheese - Cottage Cheese,20.2364,7,High,2018-01-23 05:25:05.5300000,Weak,False,0
334,Ecolab - Lime - A - Way 4/4 L,21.6133,7,High,2018-03-08 01:07:50.9500000,Weak,True,0
335,"Oil - Shortening,liqud, Fry",18.4231,9,Low,2017-07-14 08:59:24.9700000,Weak,Unknown,84
336,Broom - Corn,71.9241,2,Low,2017-06-19 19:15:47.5000000,Durable,True,0
337,Bread - Rye,83.5373,3,Low,2017-06-21 05:50:53.3900000,Durable,True,0
338,Cheese - Camembert,28.9899,11,Low,2017-01-19 23:22:25.9700000,Durable,Unknown,0
339,Beef - Striploin Aa,2.3890,2,Medium,2017-06-09 17:13:52.8200000,Weak,Unknown,0
340,Veal - Sweetbread,28.2349,3,High,2017-04-04 03:41:07.6900000,Durable,True,0
341,"Bread - Roll, Canadian Dinner",90.2641,1,Low,2017-09-19 11:29:23.2500000,Weak,True,0
342,Mangoes,69.5881,1,Medium,2017-03-17 03:07:49.6200000,Unknown,False,51
343,Otomegusa Dashi Konbu,51.2061,1,High,2017-12-07 12:03:49.1700000,Durable,False,0
344,Sausage - Liver,63.5389,2,Low,2017-08-26 12:32:22.0600000,Unknown,False,114
345,Bread - Calabrese Baguette,98.5978,4,Medium,2017-05-18 14:06:33.9000000,Durable,False,67
346,Cheese - Parmesan Grated,17.1914,1,Low,2018-02-15 06:50:07.5400000,Unknown,True,0
347,Pail For Lid 1537,94.6253,8,Low,2017-02-01 11:34:48.9100000,Unknown,True,0
348,Pasta - Cheese / Spinach Bauletti,55.3683,10,Low,2017-11-29 11:06:49.9500000,Durable,True,54
349,Puree - Mocha,86.9086,4,Medium,2018-02-21 05:37:36.4400000,Unknown,True,0
350,Isomalt,82.8300,8,Low,2017-02-02 16:32:57.3600000,Unknown,True,0
351,Hot Chocolate - Individual,96.0823,1,High,2017-03-28 07:49:13.3000000,Durable,Unknown,0
352,"Beef - Tenderlion, Center Cut",24.6393,4,Low,2017-11-06 19:41:56.0600000,Unknown,False,5
353,Milk Powder,18.1191,8,Medium,2017-03-04 05:16:20.7000000,Weak,True,80
354,Crackers Cheez It,6.6975,7,Medium,2017-03-05 03:14:18.2700000,Unknown,False,0
355,Olives - Stuffed,59.1687,5,Low,2018-04-15 03:12:24.5400000,Durable,False,12
356,Dc - Frozen Momji,17.1274,6,High,2017-11-25 03:26:12.7000000,Durable,Unknown,0
357,Tilapia - Fillets,6.8332,2,Medium,2017-05-27 00:14:44.5300000,Durable,False,0
358,"Cheese - Boursin, Garlic / Herbs",84.7111,9,Medium,2017-09-02 16:14:14.5400000,Unknown,True,0
359,Rice - Long Grain,69.0327,11,High,2018-01-21 19:13:59.6600000,Durable,True,96
360,Wine - Hardys Bankside Shiraz,52.2407,10,Medium,2017-01-04 03:14:30.4600000,Durable,True,89
361,Coffee Decaf Colombian,36.4516,2,Medium,2017-10-20 11:54:22.9600000,Weak,True,71
362,Cumin - Whole,53.3476,7,Medium,2017-10-26 03:36:19.6000000,Durable,Unknown,0
363,Cornflakes,48.7712,11,High,2017-09-06 05:29:29.0900000,Unknown,True,0
364,Cattail Hearts,8.8429,1,High,2017-02-01 20:48:18.0900000,Unknown,Unknown,0
365,"Wine - Red, Harrow Estates, Cab",12.6274,7,Medium,2017-01-23 06:59:06.3300000,Weak,True,95
366,Tahini Paste,80.4483,4,High,2018-01-25 17:24:49.5500000,Unknown,False,0
367,Bread - Italian Corn Meal Poly,63.8281,5,Medium,2018-01-12 11:26:58.7000000,Unknown,True,65
368,Flour - Teff,18.2978,4,Low,2017-12-14 13:54:38.7200000,Unknown,False,0
369,Rambutan,87.1785,5,Medium,2017-01-10 03:10:23.3100000,Unknown,True,10
370,Muffin - Carrot Individual Wrap,21.8806,4,Low,2017-11-28 02:16:34.1300000,Weak,True,0
371,Creme De Banane - Marie,82.4022,8,High,2017-07-18 08:20:56.8800000,Durable,Unknown,0
372,Wine - Two Oceans Cabernet,6.2824,3,Low,2018-01-22 14:32:24.5800000,Unknown,True,0
373,Beef - Montreal Smoked Brisket,54.8719,9,Medium,2017-08-01 00:32:33.2200000,Durable,False,0
374,Jagermeister,49.3846,5,Low,2018-05-07 16:28:06.9500000,Durable,False,0
375,Snapple Lemon Tea,83.1755,8,High,2017-04-05 12:13:38.9700000,Unknown,True,80
376,Pasta - Angel Hair,40.8126,11,High,2017-09-26 20:15:02.5900000,Durable,True,51
377,"Wine - Red, Cooking",75.0785,1,Medium,2017-01-22 09:59:21.0600000,Durable,False,7
378,Bread Foccacia Whole,90.7877,9,High,2017-06-08 11:20:22.6900000,Durable,False,0
379,Smoked Paprika,89.3046,7,High,2017-10-18 07:49:09.9000000,Unknown,False,81
380,Wine - White Cab Sauv.on,85.9743,4,High,2018-01-05 16:38:33.8400000,Unknown,True,0
381,Vaccum Bag 10x13,44.2337,1,High,2018-01-06 22:26:53.5800000,Unknown,Unknown,41
382,Soup - Campbells Bean Medley,51.7754,4,Medium,2017-11-28 21:07:38.8700000,Weak,Unknown,0
383,Cake - Box Window 10x10x2.5,9.9694,2,High,2017-04-10 08:34:54.7300000,Weak,Unknown,0
384,Fond - Neutral,56.5197,10,High,2018-03-03 22:30:51.4500000,Unknown,True,105
385,"Pork - Back, Short Cut, Boneless",22.7091,10,High,2017-11-11 15:19:04.9100000,Durable,False,97
386,Sprouts - Baby Pea Tendrils,42.7112,10,Medium,2017-02-16 16:52:13.1300000,Weak,False,0
387,Fondant - Icing,41.6386,9,High,2018-02-09 03:30:39.4000000,Durable,False,100
388,Table Cloth 120 Round White,13.5389,1,Medium,2017-11-21 02:10:47.2600000,Durable,True,0
389,Pomello,62.4447,3,Medium,2018-04-01 21:55:26.4200000,Unknown,Unknown,103
390,"Seedlings - Mix, Organic",1.2956,3,Low,2017-12-27 05:33:12.2800000,Unknown,False,0
391,Bread - Bistro White,65.0908,1,Medium,2017-01-24 19:01:02.9700000,Unknown,True,72
392,Puree - Passion Fruit,98.8263,5,High,2018-02-25 13:36:38.8500000,Unknown,True,33
393,Olive - Spread Tapenade,59.9572,1,Low,2017-05-08 04:08:26.3200000,Unknown,Unknown,0
394,Rum - Mount Gay Eclipes,50.1484,3,High,2017-06-06 13:59:22.3500000,Durable,True,76
395,Juice - Lime,91.7833,1,Low,2017-10-22 15:46:44.7400000,Weak,True,0
396,Tea - Jasmin Green,36.9165,6,High,2018-04-03 07:53:03.6500000,Durable,False,0
397,Juice - Happy Planet,20.8169,1,Medium,2017-11-17 21:38:20.5400000,Weak,False,70
398,Wine - Wyndham Estate Bin 777,42.3632,11,High,2017-11-05 15:15:31.0800000,Weak,True,67
399,Berry Brulee,50.9114,6,Medium,2017-08-04 05:33:15.7300000,Unknown,True,0
400,Carbonated Water - Blackcherry,18.1495,1,High,2017-08-30 20:41:44.3500000,Durable,True,0
401,"Tart Shells - Sweet, 4",53.3634,8,High,2017-02-03 19:23:08.8400000,Unknown,Unknown,51
402,Butter - Unsalted,76.3275,5,High,2017-06-27 21:40:10.1900000,Durable,Unknown,6
403,Liners - Baking Cups,68.1898,5,Medium,2017-11-20 07:56:26.6300000,Unknown,Unknown,0
404,Pants Custom Dry Clean,65.0280,1,Medium,2017-03-27 03:21:02.3100000,Durable,False,0
405,Pastry - Raisin Muffin - Mini,0.4278,11,Medium,2017-11-25 08:12:00.4800000,Durable,True,0
406,"Shrimp - Baby, Warm Water",89.7999,9,High,2017-07-13 17:16:48.7300000,Durable,False,0
407,"Pepsi - Diet, 355 Ml",69.7674,7,High,2017-04-08 19:09:22.8300000,Weak,False,0
408,Blueberries,68.7346,4,Low,2017-03-06 12:48:13.7500000,Unknown,False,0
409,Skirt - 29 Foot,23.5220,11,Medium,2018-04-08 15:00:39.3100000,Durable,Unknown,0
410,Fenngreek Seed,18.3560,6,Low,2017-07-20 06:57:21.9400000,Unknown,Unknown,91
411,Durian Fruit,42.0489,6,Low,2017-11-03 17:26:51.6400000,Unknown,True,0
412,Lettuce - California Mix,16.0456,5,High,2018-04-27 12:54:21.8400000,Weak,True,0
413,Ice Cream Bar - Oreo Cone,95.4065,3,High,2018-03-25 08:25:04.6500000,Durable,False,5
414,Sauerkraut,83.0585,7,Low,2017-01-17 02:35:25.8200000,Durable,Unknown,87
415,Mussels - Frozen,8.0069,10,High,2017-05-07 04:47:36.8900000,Durable,False,0
416,Baking Powder,84.6763,10,Low,2018-03-31 14:46:44.0900000,Weak,True,0
417,"Lamb - Pieces, Diced",43.3781,5,Medium,2017-07-18 19:01:24.8600000,Unknown,Unknown,12
418,Truffle Cups - Brown,92.2516,2,Low,2017-11-12 06:58:37.6400000,Unknown,True,0
419,Pork - Belly Fresh,86.1338,3,Low,2017-07-31 05:29:13.1800000,Weak,True,8
420,Whmis - Spray Bottle Trigger,69.9163,9,High,2018-04-15 14:06:53.2000000,Weak,True,0
421,Soup V8 Roasted Red Pepper,38.8096,6,High,2018-04-25 13:54:10.1600000,Durable,False,0
422,"Garlic - Primerba, Paste",50.2892,5,High,2017-02-22 09:16:11.4300000,Weak,Unknown,60
423,"Fish - Scallops, Cold Smoked",55.8531,2,Medium,2018-01-21 15:59:12.3100000,Unknown,Unknown,35
424,Vinegar - Tarragon,85.8828,3,Medium,2017-05-23 21:37:11.0400000,Unknown,False,0
425,Wine - Redchard Merritt,56.7898,4,Medium,2017-11-04 07:15:31.1600000,Weak,Unknown,0
426,Scallops - Live In Shell,83.5759,3,Low,2017-09-29 18:44:18.0400000,Unknown,Unknown,0
427,Wine - Vineland Estate Semi - Dry,46.3252,3,High,2017-09-17 10:23:58.2600000,Durable,False,0
428,Wine - Ruffino Chianti,4.7235,7,Medium,2017-02-25 10:33:10.8700000,Unknown,True,48
429,Beef - Short Loin,57.6013,4,High,2017-07-17 00:41:22.2100000,Weak,False,0
430,Milk - 1%,46.2589,2,Low,2017-05-12 04:20:35.3300000,Durable,False,84
431,Muffin Chocolate Individual Wrap,19.9957,10,Medium,2018-03-18 22:36:42.0600000,Weak,False,89
432,Beer - Original Organic Lager,32.7153,2,High,2017-07-26 18:43:49.9900000,Unknown,False,44
433,"Beans - Kidney, Red Dry",39.8762,3,Low,2018-03-14 05:47:06.9700000,Durable,False,11
434,Cookie - Dough Variety,71.1551,7,Low,2017-02-18 11:07:25.5500000,Weak,True,0
435,"Salsify, Organic",32.6109,8,High,2017-12-02 21:15:24.9900000,Durable,True,0
436,Table Cloth 81x81 White,67.9063,7,High,2017-07-13 00:46:43.3800000,Unknown,False,25
437,Chips Potato All Dressed - 43g,83.5856,10,High,2017-01-09 13:11:12.2300000,Durable,Unknown,0
438,Juice - Orange,44.9415,2,Low,2017-01-15 05:13:52.4200000,Durable,Unknown,0
439,"Beef - Chuck, Boneless",56.0919,11,Medium,2017-04-09 14:18:50.9600000,Unknown,False,108
440,Pork - Inside,32.9092,1,Low,2017-05-01 22:02:16.1700000,Unknown,Unknown,0
441,Blackberries,72.9439,3,Medium,2018-03-19 21:42:50.3000000,Weak,Unknown,0
442,Wine - Ej Gallo Sierra Valley,72.9041,6,Medium,2017-12-06 14:42:25.6400000,Unknown,Unknown,106
443,Lettuce - Spring Mix,90.0169,2,Low,2017-12-22 11:10:07.9600000,Unknown,False,79
444,Cheese - Cambozola,44.0886,8,Low,2017-09-13 14:58:04.4700000,Durable,Unknown,56
445,Pastry - Choclate Baked,59.2467,8,High,2017-02-23 12:06:20.6300000,Weak,Unknown,76
446,Sunflower Seed Raw,49.0452,7,High,2017-02-06 06:06:41.1300000,Unknown,Unknown,18
447,"Salmon - Atlantic, Skin On",3.4198,3,High,2018-04-12 05:11:34.2100000,Unknown,True,0
448,Gatorade - Xfactor Berry,76.8988,5,Low,2017-04-22 01:33:00.4900000,Unknown,False,0
449,Nantuket Peach Orange,42.1414,4,Low,2017-01-31 09:11:45.4500000,Unknown,False,0
450,Wine - Vidal Icewine Magnotta,7.1070,3,Low,2017-12-01 01:00:00.6500000,Unknown,Unknown,0
451,Soup - Campbells Tomato Ravioli,93.5384,1,Low,2017-09-16 12:51:38.7800000,Durable,False,0
452,Napkin White - Starched,28.5653,11,Low,2017-01-06 14:39:42.8900000,Durable,Unknown,0
